name,area
Berisso,"[[-34.827200502101213,-57.874088287353524],[-34.830302792573693,-57.875461578369141],[-34.833827980791013,-57.876834869384773]]"
Otra ciudad,"[[-34.827200502101213,-57.874088287353524],[-34.830302792573693,-57.875461578369141],[-34.833827980791013,-57.876834869384773]]"
